{
  "witte pasta": "volkoren pasta",
  "witte rijst": "zilvervliesrijst",
  "bloem (tarwebloem)": "volkoren tarwemeel",
  "wrap/tortilla (wit)": "volkoren tortilla",
  "paneermeel wit": "havermout of volkoren panko",
  "suiker (kristal-/basterd-)": "dadels, appelmoes of erythritol (0 kcal)",
  "bruine suiker/siroop": "kokossuiker (lagere GI) of dadelstroop",
  "honing (>1 el)": "halve portie honing + gepureerd fruit",
  "slagroom": "ongezoete sojaroom of cashew-room",
  "crème fraîche volvet": "Griekse yoghurt 0 % vet",
  "roomkaas volvet": "hüttenkäse of magere kwark",
  "boter": "extra vierge olijfolie",
  "margarine vast": "olijfolie of ongezouten notenpasta 100 %",
  "kokosolie/kokosmelk vol": "kokosmelk light of havermelk-room",
  "mayonaise klassiek": "yoghurt-mayo (½ yoghurt, ½ mayo light)",
  "pesto uit pot (veel olie/zout)": "verse pesto met ⅓ olie & extra spinazie",
  "zoute sojasaus/ketjap manis": "minder-zoute tamari of ketjap asin + beetje stevia",
  "zoute bouillonblokjes": "natriumarme groentebouillon (≤15 % Na)",
  "chips/croutons topping": "geroosterde kikkererwten",
  "aardappelpuree uit pak": "verse (on)geschilde aardappelen gestampt",
  "bacon/spekreepjes": "gerookte tofu of tempeh",
  "salami/chorizo": "gerookte kipfilet of linzenworst",
  "gehakt half-om-half": "mager runder- of kipgehakt (of linzengehakt)",
  "worst (rook-, knak-, etc.)": "pulled jackfruit BBQ of champignonworst",
  "cheddar 48+": "jonge 20+ kaas of edam 20+",
  "geraspte kaas mix": "30+ kaas of nutritionele gist",
  "parmezaan (grote hoeveelheid)": "verlaag 50 % + extra gistvlokken",
  "kant-en-klare dressing": "vinaigrette 1 deel olie : 3 delen azijn + mosterd",
  "barbecue-saus/comebacksaus": "suikervrije ketchup + yoghurt",
  "pinda-satésaus uit pot": "zelfgemaakt met 100 % pindakaas + kokosmelk light",
  "ketchup met suiker": "ketchup zonder toegevoegde suiker",
  "zoete chilisaus": "sriracha + honing light (⅓ suiker)",
  "frituren in palmvet": "airfryen of ovenbakken met spray-olie",
  "paneren met bloem en ei": "yoghurt-marinade + volkoren panko",
  "dessertroom (klopfix)": "opgeklopte aquafaba + beetje suikervervanger",
  "ijsmix roomijs": "bevroren banaan-ijs (nice-cream)",
  "croissantdeeg": "volkoren bladerdeeg met 30 % minder boter",
  "kokosrasp (veel)": "geroosterde havervlokken + amandelmeel"
}
